,,,,,,,,,,,,,,,,,,,,,,,,,
,,,,,,,,,,,,,,,,,,,,,,,,,
,,,,,,,,,,,,,,,,,,,,,,,,,
,,,,,,,,,,,,,,,,,,,,,,,,,
,,,,,,,,,,,,,,,,,,,,,,,,,
,,,,,,,,,,,,,,,,,,,,,,,,,
,,,,,,,,,,,,,,,,,,,,,,,,,
,Geography,Time,Demographic,Demographic Value,A great deal,A fair amount,Only a Little,Not at all,DK/RF,N Size,,,,,,,,,,,,,,,
,United States,Mar/2016,Aggregate,Aggregate,37%,23%,22%,17%,0%,"1,019",,,,,,,,,,,,,,,
,United States,Mar/2016,Gender,Male,39%,22%,20%,20%,0%,527,,,,,,,,,,,,,,,
,United States,Mar/2016,Gender,Female,36%,25%,25%,14%,,492,,,,,,,,,,,,,,,
,United States,Mar/2016,Age,65+,51%,23%,16%,9%,0%,305,,,,,,,,,,,,,,,
,United States,Mar/2016,Education,Some college,35%,25%,25%,15%,,326,,,,,,,,,,,,,,,
,United States,Mar/2016,Income,"$30,000 - <$74,999 per year",39%,24%,22%,14%,,372,,,,,,,,,,,,,,,
,United States,Mar/2016,Income,$75000+ per year,29%,25%,26%,20%,,343,,,,,,,,,,,,,,,
,United States,Mar/2016,Region,South,41%,24%,21%,14%,,380,,,,,,,,,,,,,,,
,United States,Mar/2015,Aggregate,Aggregate,39%,24%,20%,16%,1%,"1,025",,,,,,,,,,,,,,,
,United States,Mar/2015,Gender,Male,42%,25%,18%,15%,1%,531,,,,,,,,,,,,,,,
,United States,Mar/2015,Gender,Female,37%,23%,21%,18%,0%,494,,,,,,,,,,,,,,,
,United States,Mar/2015,Age,65+,52%,22%,16%,9%,1%,349,,,,,,,,,,,,,,,
,United States,Mar/2015,Education,Some college,40%,27%,18%,14%,0%,303,,,,,,,,,,,,,,,
,United States,Mar/2015,Income,"$30,000 - <$74,999 per year",41%,27%,18%,13%,0%,352,,,,,,,,,,,,,,,
,United States,Mar/2015,Income,$75000+ per year,35%,23%,23%,19%,,320,,,,,,,,,,,,,,,
,United States,Mar/2015,Region,South,43%,25%,15%,16%,1%,381,,,,,,,,,,,,,,,
,United States,Mar/2014,Aggregate,Aggregate,33%,24%,24%,18%,1%,513,,,,,,,,,,,,,,,
,United States,Mar/2013,Aggregate,Aggregate,37%,23%,26%,14%,0%,"1,022",,,,,,,,,,,,,,,
,United States,Mar/2013,Gender,Male,37%,20%,28%,15%,0%,531,,,,,,,,,,,,,,,
,United States,Mar/2013,Gender,Female,37%,26%,24%,13%,1%,491,,,,,,,,,,,,,,,
,United States,Mar/2013,Age,50-64,37%,19%,27%,16%,0%,309,,,,,,,,,,,,,,,
,United States,Mar/2013,Age,65+,44%,26%,20%,9%,1%,306,,,,,,,,,,,,,,,
,United States,Mar/2013,Education,Some college,39%,26%,26%,8%,0%,305,,,,,,,,,,,,,,,
,United States,Mar/2013,Income,"$30,000 - <$74,999 per year",34%,25%,27%,13%,0%,402,,,,,,,,,,,,,,,
,United States,Mar/2013,Income,$75000+ per year,32%,22%,31%,15%,0%,313,,,,,,,,,,,,,,,
,United States,Mar/2013,Region,South,37%,26%,24%,13%,0%,373,,,,,,,,,,,,,,,
,United States,Mar/2012,Aggregate,Aggregate,34%,23%,24%,17%,1%,"1,024",,,,,,,,,,,,,,,
,United States,Mar/2012,Gender,Male,37%,23%,23%,17%,0%,511,,,,,,,,,,,,,,,
,United States,Mar/2012,Gender,Female,32%,24%,26%,18%,1%,513,,,,,,,,,,,,,,,
,United States,Mar/2012,Age,50-64,43%,22%,26%,9%,,309,,,,,,,,,,,,,,,
,United States,Mar/2012,Age,65+,39%,29%,21%,10%,2%,365,,,,,,,,,,,,,,,
,United States,Mar/2012,Income,"$30,000 - <$74,999 per year",37%,25%,24%,13%,1%,391,,,,,,,,,,,,,,,
,United States,Mar/2012,Income,$75000+ per year,27%,24%,26%,24%,0%,326,,,,,,,,,,,,,,,
,United States,Mar/2012,Region,South,35%,25%,26%,14%,1%,384,,,,,,,,,,,,,,,
,United States,Mar/2011,Aggregate,Aggregate,42%,23%,20%,14%,0%,"1,021",,,,,,,,,,,,,,,
,United States,Mar/2011,Gender,Male,45%,23%,19%,14%,1%,527,,,,,,,,,,,,,,,
,United States,Mar/2011,Gender,Female,40%,24%,21%,15%,0%,494,,,,,,,,,,,,,,,
,United States,Mar/2011,Age,50-64,48%,23%,18%,10%,1%,347,,,,,,,,,,,,,,,
,United States,Mar/2011,Age,65+,48%,20%,19%,11%,1%,325,,,,,,,,,,,,,,,
,United States,Mar/2011,Income,"$30,000 - <$74,999 per year",44%,21%,22%,11%,1%,390,,,,,,,,,,,,,,,
,United States,Mar/2011,Income,$75000+ per year,38%,22%,26%,15%,,310,,,,,,,,,,,,,,,
,United States,Mar/2011,Region,South,47%,23%,15%,14%,1%,384,,,,,,,,,,,,,,,
,United States,Mar/2010,Aggregate,Aggregate,39%,25%,21%,14%,0%,"1,014",,,,,,,,,,,,,,,
,United States,Mar/2010,Gender,Male,41%,23%,21%,15%,1%,529,,,,,,,,,,,,,,,
,United States,Mar/2010,Gender,Female,37%,28%,22%,13%,,485,,,,,,,,,,,,,,,
,United States,Mar/2010,Age,50-64,42%,23%,22%,13%,,316,,,,,,,,,,,,,,,
,United States,Mar/2010,Age,65+,47%,27%,16%,10%,0%,313,,,,,,,,,,,,,,,
,United States,Mar/2010,Education,Some college,40%,25%,19%,16%,,315,,,,,,,,,,,,,,,
,United States,Mar/2010,Income,"$30,000 - <$74,999 per year",39%,28%,20%,14%,0%,360,,,,,,,,,,,,,,,
,United States,Mar/2010,Income,$75000+ per year,37%,25%,26%,12%,,328,,,,,,,,,,,,,,,
,United States,Mar/2010,Region,South,41%,24%,21%,14%,0%,373,,,,,,,,,,,,,,,
,United States,Mar/2008,Aggregate,Aggregate,40%,30%,19%,11%,0%,"1,012",,,,,,,,,,,,,,,
,United States,Mar/2008,Gender,Male,41%,30%,16%,13%,0%,512,,,,,,,,,,,,,,,
,United States,Mar/2008,Gender,Female,39%,30%,21%,9%,0%,500,,,,,,,,,,,,,,,
,United States,Mar/2008,Age,30-49,35%,29%,24%,12%,0%,331,,,,,,,,,,,,,,,
,United States,Mar/2008,Age,50-64,43%,33%,14%,10%,0%,312,,,,,,,,,,,,,,,
,United States,Mar/2008,Education,Some college,40%,29%,19%,12%,,313,,,,,,,,,,,,,,,
,United States,Mar/2008,Income,"$30,000 - <$74,999 per year",42%,30%,17%,11%,0%,387,,,,,,,,,,,,,,,
,United States,Mar/2008,Income,$75000+ per year,36%,28%,24%,11%,0%,356,,,,,,,,,,,,,,,
,United States,Mar/2008,Region,South,43%,29%,20%,8%,0%,366,,,,,,,,,,,,,,,
,United States,Mar/2007,Aggregate,Aggregate,45%,23%,20%,12%,1%,"1,009",,,,,,,,,,,,,,,
,United States,Mar/2007,Gender,Male,47%,22%,18%,13%,0%,491,,,,,,,,,,,,,,,
,United States,Mar/2007,Gender,Female,43%,25%,21%,11%,1%,518,,,,,,,,,,,,,,,
,United States,Mar/2007,Age,30-49,43%,24%,21%,12%,,315,,,,,,,,,,,,,,,
,United States,Mar/2007,Age,50-64,48%,25%,19%,7%,0%,340,,,,,,,,,,,,,,,
,United States,Mar/2007,Education,HS or less,51%,21%,15%,13%,0%,313,,,,,,,,,,,,,,,
,United States,Mar/2007,Income,"$30,000 - <$74,999 per year",48%,25%,16%,11%,0%,389,,,,,,,,,,,,,,,
,United States,Mar/2007,Income,$75000+ per year,39%,26%,27%,8%,,336,,,,,,,,,,,,,,,
,United States,Mar/2007,Region,South,49%,21%,17%,12%,1%,358,,,,,,,,,,,,,,,
,United States,Mar/2006,Aggregate,Aggregate,43%,29%,18%,10%,0%,"1,000",,,,,,,,,,,,,,,
,United States,Mar/2006,Gender,Male,48%,29%,15%,8%,0%,491,,,,,,,,,,,,,,,
,United States,Mar/2006,Gender,Female,38%,28%,21%,13%,0%,509,,,,,,,,,,,,,,,
,United States,Mar/2006,Age,30-49,43%,27%,20%,10%,,328,,,,,,,,,,,,,,,
,United States,Mar/2006,Age,50-64,37%,33%,23%,7%,,326,,,,,,,,,,,,,,,
,United States,Mar/2006,Income,"$30,000 - <$74,999 per year",44%,29%,20%,7%,1%,395,,,,,,,,,,,,,,,
,United States,Mar/2006,Income,$75000+ per year,32%,36%,22%,10%,,319,,,,,,,,,,,,,,,
,United States,Mar/2006,Region,South,48%,26%,15%,12%,,358,,,,,,,,,,,,,,,
,United States,Mar/2005,Aggregate,Aggregate,33%,23%,29%,14%,1%,"1,004",,,,,,,,,,,,,,,
,United States,Mar/2005,Gender,Male,33%,21%,32%,13%,0%,488,,,,,,,,,,,,,,,
,United States,Mar/2005,Gender,Female,33%,24%,27%,15%,1%,516,,,,,,,,,,,,,,,
,United States,Mar/2005,Age,30-49,29%,23%,32%,16%,0%,383,,,,,,,,,,,,,,,
,United States,Mar/2005,Education,HS or less,38%,24%,25%,11%,2%,314,,,,,,,,,,,,,,,
,United States,Mar/2005,Income,"$30,000 - <$74,999 per year",34%,24%,27%,15%,0%,397,,,,,,,,,,,,,,,
,United States,Mar/2005,Income,$75000+ per year,26%,23%,35%,16%,,316,,,,,,,,,,,,,,,
,United States,Mar/2004,Aggregate,Aggregate,37%,22%,25%,15%,1%,"1,005",,,,,,,,,,,,,,,
,United States,Mar/2004,Gender,Male,36%,20%,29%,14%,1%,488,,,,,,,,,,,,,,,
,United States,Mar/2004,Gender,Female,38%,24%,22%,16%,1%,517,,,,,,,,,,,,,,,
,United States,Mar/2004,Age,30-49,34%,22%,27%,16%,1%,403,,,,,,,,,,,,,,,
,United States,Mar/2004,Education,HS or less,45%,20%,21%,13%,2%,325,,,,,,,,,,,,,,,
,United States,Mar/2004,Income,"$30,000 - <$74,999 per year",36%,24%,25%,14%,1%,440,,,,,,,,,,,,,,,
,United States,Mar/2004,Region,South,39%,27%,23%,12%,0%,355,,,,,,,,,,,,,,,
,United States,Mar/2002,Aggregate,Aggregate,33%,25%,26%,16%,0%,"1,006",,,,,,,,,,,,,,,
,United States,Mar/2002,Gender,Male,34%,26%,25%,15%,1%,490,,,,,,,,,,,,,,,
,United States,Mar/2002,Gender,Female,33%,23%,27%,16%,0%,516,,,,,,,,,,,,,,,
,United States,Mar/2002,Age,30-49,31%,23%,28%,16%,1%,406,,,,,,,,,,,,,,,
,United States,Mar/2002,Education,HS or less,40%,23%,23%,14%,1%,351,,,,,,,,,,,,,,,
,United States,Mar/2002,Income,"<29,999 per year",34%,25%,25%,15%,1%,303,,,,,,,,,,,,,,,
,United States,Mar/2002,Income,"$30,000 - <$74,999 per year",37%,24%,23%,15%,0%,409,,,,,,,,,,,,,,,
,United States,Mar/2002,Region,South,36%,24%,23%,16%,1%,310,,,,,,,,,,,,,,,
,United States,Mar/2001,Aggregate,Aggregate,28%,24%,29%,18%,1%,"1,060",,,,,,,,,,,,,,,
,United States,Mar/2001,Gender,Male,32%,19%,31%,17%,0%,505,,,,,,,,,,,,,,,
,United States,Mar/2001,Gender,Female,25%,28%,27%,19%,1%,555,,,,,,,,,,,,,,,
,United States,Mar/2001,Age,30-49,25%,25%,31%,19%,1%,430,,,,,,,,,,,,,,,
,United States,Mar/2001,Education,HS or less,37%,25%,22%,16%,0%,354,,,,,,,,,,,,,,,
,United States,Mar/2001,Education,Some college,28%,22%,31%,17%,2%,304,,,,,,,,,,,,,,,
,United States,Mar/2001,Income,"$30,000 - <$74,999 per year",27%,23%,32%,18%,1%,421,,,,,,,,,,,,,,,
,United States,Mar/2001,Region,South,27%,24%,30%,17%,2%,332,,,,,,,,,,,,,,,
,,,,,,,,,,,,,,,,,,,,,,,,,
,,,,,,,,,,,,,,,,,,,,,,,,,
,,,,,,,,,,,,,,,,,,,,,,,,,
,,,,,,,,,,,,,,,,,,,,,,,,,
,,,,,,,,,,,,,,,,,,,,,,,,,
,,,,,,,,,,,,,,,,,,,,,,,,,
,,,,,,,,,,,,,,,,,,,,,,,,,
,,,,,,,,,,,,,,,,,,,,,,,,,
,,,,,,,,,,,,,,,,,,,,,,,,,